TRAIN_ID,HEADCODE,SERVICE_GROUP,ORIGIN_DEP_TIME,ROUTE_START,ROUTE_END
C00057,1A94,EF04,15:18,PENZNCE,PADTON
C00122,1C36,EF01,23:33,PADTON,BRSTLTM
C00123,1L46,EF02,09:23,SWANSEA,PADTON
C00125,1L74,EF02,14:15,CMTHN,PADTON
C00135,2P36,EF11,17:08,EXETRSD,PLYMTH
C00139,1L92,EF02,18:23,SWANSEA,PADTON
C00158,1P68,EF03,15:31,HEREFRD,PADTON
C00159,1P74,EF03,16:58,GTMLVRN,PADTON
C00162,1P82,EF03,18:57,GTMLVRN,PADTON
C00163,1P88,EF03,20:46,GTMLVRN,PADTON
C00164,1W49,EF03,15:47,PADTON,GTMLVRN
C00165,1L42,EF02,08:35,SWANSEA,PADTON
C00166,1C20,EF01,15:30,PADTON,BRSTLTM
C00167,1C77,EF04,10:03,PADTON,PENZNCE
C00168,1W03,EF03,12:47,PADTON,HEREFRD
C00668,1D19,EF05,07:53,OXFD,PADTON
C00669,1A07,EF01,07:45,BRSTLTM,PADTON
C00671,1L32,EF02,08:30,BRSTPWY,PADTON
C00677,1D39,EF05,10:56,OXFD,PADTON
C00686,2K63,EF10,20:25,AVONMTH,BRSTLTM
C00688,2K67,EF10,21:28,AVONMTH,BRSTLTM
C00697,1P40,EF03,09:58,GTMLVRN,PADTON
C00698,1A13,EF01,11:00,BRSTLTM,PADTON
C00704,1D61,EF05,15:56,OXFD,PADTON
C00790,2V47,EF07,15:00,BNBR,OXFD
C00791,2V51,EF07,18:00,BNBR,OXFD
C00792,2V43,EF07,10:30,BNBR,OXFD
C00794,1N77,EF04,11:18,PLYMTH,NEWQUAY
C00796,1C99,EF04,11:03,PADTON,NEWQUAY
C00797,1V76,EF13,08:01,WEYMTH,CRDFCEN
C00812,1W59,EF03,17:47,PADTON,GTMLVRN
C00813,1A88,EF04,14:53,PAIGNTN,PADTON
C00814,2P71,EF05,17:12,DIDCOTP,PADTON
C00815,1D71,EF05,17:56,OXFD,PADTON
C00829,1A92,EF04,16:55,PAIGNTN,PADTON
C00835,1W39,EF03,13:47,PADTON,GTMLVRN
C00836,1W08,EF03,18:47,PADTON,HEREFRD
C00838,1C35,EF01,22:45,PADTON,BRSTPWY
C00839,1C24,EF01,17:30,PADTON,BRSTLTM
C00840,1B40,EF02,13:45,PADTON,CMTHN
C00842,1A89,EF04,13:33,NEWQUAY,PADTON
C00843,1A36,EF04,20:14,PLYMTH,PADTON
C00844,1A96,EF04,16:18,PENZNCE,PADTON
C00847,1A28,EF01,18:00,BRSTLTM,PADTON
C00848,1W02,EF03,11:47,PADTON,HEREFRD
C00849,1W01,EF03,09:47,PADTON,HEREFRD
C00850,1F13,EF13,11:25,CRDFCEN,WRMNSTR
C00851,1C91,EF04,18:03,PADTON,PENZNCE
C00852,1F19,EF13,13:25,CRDFCEN,WRMNSTR
C00853,1C88,EF04,16:03,PADTON,PENZNCE
C00854,1C86,EF04,15:03,PADTON,PLYMTH
C00861,1D42,EF05,21:19,PADTON,OXFD
C01009,2M42,EF07,09:44,OXFD,BNBR
C01010,2M46,EF07,14:18,OXFD,BNBR
C01011,2M50,EF07,17:17,OXFD,BNBR
C01221,1C81,EF04,12:03,PADTON,PENZNCE
C01222,1C75,EF04,07:59,PADTON,PENZNCE
C01223,1C14,EF01,12:30,PADTON,BRSTLTM
C01224,1B93,EF02,21:45,PADTON,SWANSEA
C01225,1B91,EF02,20:45,PADTON,SWANSEA
C01226,1B28,EF02,11:45,PADTON,CMTHN
C01227,1B25,EF02,10:45,PADTON,SWANSEA
C01228,1B20,EF02,09:35,PADTON,CMTHN
C01229,1B06,EF02,10:27,SWANSEA,CMTHN
C01230,1A95,EF04,17:45,PLYMTH,PADTON
C01231,1A10,EF01,08:29,WSMARE,PADTON
C01232,1A12,EF01,10:00,BRSTLTM,PADTON
C01233,1A15,EF01,11:30,WSMARE,PADTON
C01234,1A24,EF01,16:00,BRSTLTM,PADTON
C01235,1A34,EF01,21:00,BRSTLTM,PADTON
C01236,1A79,EF04,09:14,PLYMTH,PADTON
C01237,1A80,EF04,08:10,PENZNCE,PADTON
C01238,1A82,EF04,09:09,PENZNCE,PADTON
C01239,1A26,EF04,17:00,BRSTLTM,PADTON
C01240,1A90,EF04,14:18,PENZNCE,PADTON
C01589,2R22,EF11,10:38,BRNSTPL,EXETERC
C01590,2R27,EF11,12:36,BRNSTPL,EXETERC
C01591,2R29,EF11,13:36,BRNSTPL,EXETERC
C01592,2R31,EF11,14:31,BRNSTPL,EXETERC
C01593,2R33,EF11,15:32,BRNSTPL,EXETERC
C01594,2R35,EF11,16:30,BRNSTPL,EXETERC
C01595,2R37,EF11,17:37,BRNSTPL,EXETERC
C01596,2R39,EF11,18:32,BRNSTPL,EXETERC
C02437,2K45,EF07,09:30,BEDYN,RDNGSTN
C02438,2K49,EF07,10:40,BEDYN,RDNGSTN
C02440,2K61,EF07,12:36,BEDYN,RDNGSTN
C02441,2K67,EF07,14:39,BEDYN,RDNGSTN
C02442,2K75,EF07,16:41,BEDYN,RDNGSTN
C02443,2K80,EF07,18:40,BEDYN,RDNGSTN
C02444,2K91,EF07,20:40,BEDYN,RDNGSTN
C02445,2K95,EF07,22:34,BEDYN,RDNGSTN
C02505,1D47,EF05,12:56,OXFD,PADTON
C02507,1A16,EF01,13:32,RDNGSTN,PADTON
C02510,1A18,EF01,13:00,BRSTLTM,PADTON
C02512,1D51,EF05,13:56,OXFD,PADTON
C02513,1A83,EF04,10:12,PENZNCE,PADTON
C03025,2J70,EF07,22:06,BSNGSTK,RDNGSTN
C03038,2J16,EF07,09:06,BSNGSTK,RDNGSTN
C03044,2J22,EF07,10:06,BSNGSTK,RDNGSTN
C03049,2J26,EF07,11:06,BSNGSTK,RDNGSTN
C03054,2J30,EF07,12:07,BSNGSTK,RDNGSTN
C03059,2J34,EF07,13:07,BSNGSTK,RDNGSTN
C03064,2J38,EF07,14:06,BSNGSTK,RDNGSTN
C03069,2J42,EF07,15:06,BSNGSTK,RDNGSTN
C03074,2J46,EF07,16:06,BSNGSTK,RDNGSTN
C03079,2J50,EF07,17:06,BSNGSTK,RDNGSTN
C03084,2J54,EF07,18:06,BSNGSTK,RDNGSTN
C03089,2J58,EF07,19:06,BSNGSTK,RDNGSTN
C03094,2J62,EF07,20:06,BSNGSTK,RDNGSTN
C03099,2J66,EF07,21:06,BSNGSTK,RDNGSTN
C03700,2E61,EF11,17:24,OKHMPTN,EXETRSD
C03701,2E63,EF11,18:32,OKHMPTN,EXETRSD
C03702,2E64,EF11,19:30,OKHMPTN,EXETRSD
C03703,2E65,EF11,20:30,OKHMPTN,EXETRSD
C03704,2E66,EF11,22:03,OKHMPTN,EXETRSD
C03705,2K03,EF11,08:38,EXETERC,OKHMPTN
C03706,2K04,EF11,09:32,EXETERC,OKHMPTN
C03707,2K05,EF11,10:31,EXETERC,OKHMPTN
C03708,2K06,EF11,11:33,EXETERC,OKHMPTN
C03709,2K07,EF11,12:31,EXETERC,OKHMPTN
C03710,2K08,EF11,13:32,EXETERC,OKHMPTN
C03711,2K09,EF11,14:32,EXETERC,OKHMPTN
C03712,2K10,EF11,15:32,EXETERC,OKHMPTN
C03713,2K11,EF11,16:32,EXETERC,OKHMPTN
C03714,2K12,EF11,17:32,EXETERC,OKHMPTN
C03715,2K13,EF11,18:49,EXETRSD,OKHMPTN
C03716,2K14,EF11,19:47,EXETRSD,OKHMPTN
C03717,2K15,EF11,21:20,EXETRSD,OKHMPTN
C03718,2R53,EF11,09:24,OKHMPTN,EXETERC
C03719,2R54,EF11,10:24,OKHMPTN,EXETERC
C03720,2R55,EF11,11:24,OKHMPTN,EXETERC
C03721,2R56,EF11,12:24,OKHMPTN,EXETERC
C03722,2R57,EF11,13:23,OKHMPTN,EXETERC
C03723,2R58,EF11,14:24,OKHMPTN,EXETERC
C03724,2R59,EF11,15:23,OKHMPTN,EXETERC
C03725,2R60,EF11,16:23,OKHMPTN,EXETERC
C05790,2B10,EF03,15:00,CHLTNHM,SDON
C05871,2B12,EF03,17:00,CHLTNHM,SDON
C05929,2P24,EF04,17:24,NEWQUAY,PLYMTH
C05986,1L56,EF01,13:02,BRSTPWY,PADTON
C05987,1L88,EF01,18:25,BRSTPWY,PADTON
C05988,1A14,EF01,11:30,BRSTLTM,PADTON
C05990,1A31,EF01,19:30,BRSTLTM,PADTON
C05993,1C17,EF01,14:00,PADTON,BRSTLTM
C05994,1C41,EF01,13:12,PADTON,SDON
C05995,1C43,EF01,15:13,PADTON,SDON
C05996,1C51,EF01,20:05,PADTON,SDON
C06025,1R29,EF01,19:59,PADTON,RDNGSTN
C06026,1U23,EF02,11:13,PADTON,BRSTPWY
C06027,1U45,EF02,16:13,PADTON,BRSTPWY
C06045,1P56,EF04,15:25,RDNGSTN,PADTON
C06050,1A40,EF01,08:37,SDON,PADTON
C06051,1A41,EF01,09:13,SDON,PADTON
C06053,1A42,EF01,11:30,SDON,PADTON
C06181,1A44,EF01,14:30,SDON,PADTON
C06182,1A45,EF01,16:06,SDON,PADTON
C06183,1A46,EF01,16:30,SDON,PADTON
C06184,1A47,EF01,17:03,SDON,PADTON
C06186,1A48,EF01,18:07,SDON,PADTON
C32966,1A21,EF01,14:30,BRSTLTM,PADTON
C32967,1A22,EF01,15:00,BRSTLTM,PADTON
C32987,1A50,EF04,21:15,PENZNCE,PADTON
C33006,1A98,EF04,17:55,PENZNCE,PADTON
C33025,1C05,EF01,08:01,PADTON,BRSTLTM
C33026,1C10,EF01,10:30,PADTON,WSMARE
C33028,1C18,EF01,14:30,PADTON,BRSTLTM
C33034,1C22,EF04,16:30,PADTON,BRSTLTM
C33038,1C28,EF01,19:30,PADTON,BRSTLTM
C33043,1C45,EF01,16:53,PADTON,SDON
C33045,1C46,EF01,17:53,PADTON,SDON
C33046,1C47,EF01,18:13,PADTON,SDON
C33047,1C48,EF01,18:53,PADTON,SDON
C33048,1C49,EF01,19:13,PADTON,SDON
C33051,1C70,EF11,08:42,EXETRSD,PENZNCE
C33062,1D22,EF05,11:20,PADTON,OXFD
C33064,1D26,EF05,13:20,PADTON,OXFD
C33066,1D28,EF05,14:20,PADTON,OXFD
C33067,1D30,EF05,15:20,PADTON,OXFD
C33069,1D32,EF05,16:20,PADTON,OXFD
C33070,1D34,EF05,17:20,PADTON,OXFD
C33073,1D38,EF05,19:20,PADTON,OXFD
C33078,1D43,EF05,11:56,OXFD,PADTON
C33084,1D57,EF05,14:56,OXFD,PADTON
C33089,1D75,EF05,18:56,OXFD,PADTON
C33091,1D79,EF05,19:56,OXFD,PADTON
C33095,1F16,EF13,12:49,WRMNSTR,CRDFCEN
C33097,1F20,EF13,14:49,WRMNSTR,CRDFCEN
C33098,1F24,EF13,15:50,WRMNSTR,CRDFCEN
C33099,1F30,EF13,18:49,WRMNSTR,CRDFCEN
C33100,1F31,EF13,17:50,CRDFCEN,WSTBRYW
C33106,1L50,EF03,10:47,CHLTNHM,PADTON
C33115,1O56,EF09,06:10,RDNG4AB,GTWK
C33116,1O58,EF09,06:58,RDNG4AB,GTWK
C33117,1O60,EF09,07:49,RDNGSTN,GTWK
C33118,1O62,EF09,08:18,RDNG4AB,GTWK
C33119,1O64,EF09,08:49,RDNGSTN,GTWK
C33120,1O66,EF09,09:18,RDNGSTN,GTWK
C33121,1O67,EF09,09:48,RDNG4AB,GTWK
C33122,1O68,EF09,10:18,RDNGSTN,GTWK
C33123,1O69,EF09,10:48,RDNG4AB,GTWK
C33124,1O70,EF09,11:18,RDNG4AB,GTWK
C33125,1O71,EF09,11:48,RDNG4AB,GTWK
C33126,1O72,EF09,12:18,RDNG4AB,GTWK
C33127,1O74,EF09,12:48,RDNG4AB,GTWK
C33128,1O76,EF09,13:18,RDNG4AB,GTWK
C33129,1O77,EF09,13:48,RDNG4AB,GTWK
C33130,1O78,EF09,14:18,RDNG4AB,GTWK
C33131,1O79,EF09,14:48,RDNG4AB,GTWK
C33132,1O80,EF09,15:18,RDNG4AB,GTWK
C33133,1O81,EF09,15:48,RDNG4AB,GTWK
C33134,1O82,EF09,16:18,RDNG4AB,GTWK
C33135,1O83,EF09,16:48,RDNG4AB,GTWK
C33136,1O84,EF09,17:18,RDNG4AB,GTWK
C33137,1O85,EF09,17:48,RDNG4AB,GTWK
C33138,1O86,EF09,18:18,RDNG4AB,GTWK
C33139,1O87,EF09,18:48,RDNG4AB,GTWK
C33140,1O88,EF09,19:18,RDNG4AB,GTWK
C33141,1O89,EF09,19:48,RDNG4AB,GTWK
C33142,1O94,EF09,21:14,RDNG4AB,GTWK
C33143,1O96,EF09,23:05,RDNGSTN,GTWK
C33147,1P30,EF03,08:15,WORCSFS,PADTON
C33151,1P46,EF03,10:58,GTMLVRN,PADTON
C33157,1U24,EF02,12:13,PADTON,BRSTPWY
C33159,1V39,EF09,06:12,GTWK,RDNG4AB
C33160,1V41,EF09,07:59,GTWK,RDNGSTN
C33161,1V42,EF09,08:55,GTWK,RDNG4AB
C33162,1V43,EF09,09:26,GTWK,RDNG4AB
C33163,1V44,EF09,09:55,GTWK,RDNG4AB
C33164,1V45,EF09,10:26,GTWK,RDNG4AB
C33165,1V46,EF09,10:55,GTWK,RDNG4AB
C33166,1V47,EF09,11:26,GTWK,RDNG4AB
C33167,1V48,EF09,11:55,GTWK,RDNG4AB
C33168,1V49,EF09,12:26,GTWK,RDNG4AB
C33169,1V50,EF09,12:55,GTWK,RDNG4AB
C33170,1V51,EF09,13:26,GTWK,RDNG4AB
C33171,1V52,EF09,13:55,GTWK,RDNG4AB
C33172,1V53,EF09,14:26,GTWK,RDNG4AB
C33173,1V54,EF09,14:55,GTWK,RDNG4AB
C33174,1V55,EF09,15:26,GTWK,RDNG4AB
C33175,1V56,EF09,15:55,GTWK,RDNG4AB
C33176,1V57,EF09,16:26,GTWK,RDNG4AB
C33177,1V58,EF09,16:55,GTWK,RDNG4AB
C33178,1V59,EF09,17:26,GTWK,RDNG4AB
C33179,1V60,EF09,17:55,GTWK,RDNG4AB
C33180,1V61,EF09,18:26,GTWK,RDNGSTN
C33181,1V62,EF09,18:55,GTWK,RDNG4AB
C33182,1V63,EF09,19:26,GTWK,RDNGSTN
C33183,1V64,EF09,19:55,GTWK,RDNGSTN
C33184,1V65,EF09,20:25,GTWK,RDNG4AB
C33185,1V66,EF09,20:55,GTWK,RDNGSTN
C33186,1V68,EF09,22:18,GTWK,RDNGSTN
C33187,1V69,EF09,23:05,GTWK,RDNGSTN
C33196,1W15,EF03,07:36,PADTON,GTMLVRN
C33203,1W73,EF03,19:47,PADTON,GTMLVRN
C33205,1W77,EF03,20:49,PADTON,WORCSSH
C33206,1W79,EF03,21:49,PADTON,WORCSSH
C33210,2A09,EF12,09:18,STERTH,STIVES
C33212,2A48,EF12,19:48,STIVES,PENZNCE
C33223,2B72,EF11,08:25,EXETRSD,BRNSTPL
C33225,2B74,EF11,10:13,EXETERC,BRNSTPL
C33226,2B84,EF11,20:11,EXETERC,BRNSTPL
C33228,2C24,EF11,11:26,EXETRSD,PENZNCE
C33231,2C30,EF12,15:40,PLYMTH,PENZNCE
C33233,2C32,EF11,15:27,EXETRSD,PENZNCE
C33235,2C34,EF11,16:21,EXETRSD,PENZNCE
C33237,2C36,EF12,18:40,PLYMTH,PENZNCE
C33238,2C69,EF10,09:55,BRSTLTM,EXETRSD
C33239,2E07,EF12,08:47,PENZNCE,EXETRSD
C33240,2E11,EF12,10:47,PENZNCE,EXETRSD
C33242,2E14,EF11,11:22,EXMOUTH,EXETRSD
C33243,2E19,EF12,14:47,PENZNCE,EXETRSD
C33244,2E20,EF11,17:27,PAIGNTN,EXETRSD
C33246,2E29,EF11,22:40,PAIGNTN,EXETRSD
C33249,2E34,EF10,09:39,BRSTLTM,WORCSSH
C33250,2E41,EF11,19:36,BRNSTPL,EXETRSD
C33251,2E44,EF10,14:39,BRSTLTM,CHLTNHM
C33252,2E45,EF11,21:36,BRNSTPL,EXETRSD
C33253,2F06,EF11,09:36,BRNSTPL,EXMOUTH
C33254,2F70,EF12,08:50,TRURO,FALMTHD
C33255,2F72,EF12,09:50,TRURO,FALMTHD
C33256,2F76,EF12,11:55,TRURO,FALMTHD
C33257,2F78,EF12,12:55,TRURO,FALMTHD
C33258,2F80,EF12,13:55,TRURO,FALMTHD
C33259,2F84,EF12,16:00,TRURO,FALMTHD
C33260,2F86,EF12,17:00,TRURO,FALMTHD
C33261,2F88,EF12,17:58,TRURO,FALMTHD
C33262,2F90,EF12,19:00,TRURO,FALMTHD
C33263,2F92,EF12,20:00,TRURO,FALMTHD
C33264,2F94,EF12,21:02,TRURO,FALMTHD
C33266,2G02,EF03,10:17,SDON,CHLTNHM
C33268,2G03,EF03,11:24,SDON,CHLTNHM
C33271,2G05,EF03,13:24,SDON,CHLTNHM
C33273,2G07,EF03,14:24,SDON,GLOSTER
C33282,2G82,EF12,20:52,GUNISLK,PLYMTH
C33283,2J15,EF07,08:37,RDNGSTN,BSNGSTK
C33296,2L33,EF12,17:55,LISKARD,LOOE
C33297,2L34,EF12,18:45,LOOE,LISKARD
C33298,2L35,EF12,20:15,LISKARD,LOOE
C33299,2L36,EF12,20:49,LOOE,LISKARD
C33304,2M68,EF10,18:10,TAUNTON,BRSTLTM
C33305,2M69,EF10,19:26,TAUNTON,BRSTLTM
C33306,2M71,EF10,20:16,TAUNTON,BRSTLTM
C33307,2M75,EF10,22:10,TAUNTON,BRSTLTM
C33310,2N08,EF12,10:12,PARR,NEWQUAY
C33311,2N09,EF12,11:18,NEWQUAY,PARR
C33312,2N10,EF12,11:14,PARR,NEWQUAY
C33313,2N11,EF12,12:15,NEWQUAY,PARR
C33316,2N14,EF12,13:30,PARR,NEWQUAY
C33317,2N15,EF12,14:18,NEWQUAY,PARR
C33318,2N16,EF12,14:38,PARR,NEWQUAY
C33319,2N19,EF12,15:52,NEWQUAY,PARR
C33320,2N19,EF05,08:42,PADTON,DIDCOTP
C33323,2N22,EF12,17:15,PARR,NEWQUAY
C33324,2N23,EF12,18:16,NEWQUAY,PARR
C33325,2N24,EF12,18:30,PARR,NEWQUAY
C33326,2N24,EF05,09:38,PADTON,DIDCOTP
C33327,2N25,EF12,19:23,NEWQUAY,PARR
C33329,2N27,EF12,20:29,NEWQUAY,PARR
C33330,2N61,EF05,17:38,PADTON,DIDCOTP
C33332,2N71,EF05,18:38,PADTON,DIDCOTP
C33334,2N90,EF05,22:33,PADTON,DIDCOTP
C33336,2O89,EF13,11:32,SDON,WEYMTH
C33337,2O95,EF09,22:16,RDNG4AB,GUILDFD
C33338,2P09,EF12,09:45,PENZNCE,PLYMTH
C33339,2P21,EF12,15:45,PENZNCE,PLYMTH
C33341,2P23,EF12,16:45,PENZNCE,PLYMTH
C33343,2P49,EF05,12:13,DIDCOTP,PADTON
C33344,2P65,EF05,16:12,DIDCOTP,PADTON
C33348,2P89,EF05,21:12,DIDCOTP,PADTON
C33350,2R25,EF11,11:33,BRNSTPL,EXETERC
C33354,2T80,EF12,14:21,FALMTHD,TRURO
C33355,2T86,EF12,17:26,FALMTHD,TRURO
C33356,2T88,EF12,18:24,FALMTHD,TRURO
C33357,2T92,EF12,20:26,FALMTHD,TRURO
C42676,2R97,EF08,00:18,TWYFORD,RDNGSTN
C47787,2K16,EF10,08:54,BRSTLTM,SVRNBCH
C47789,2K20,EF10,09:46,BRSTLTM,SVRNBCH
C47798,2K50,EF10,17:16,BRSTLTM,SVRNBCH
C47802,2K60,EF10,19:46,BRSTLTM,AVONMTH
C47804,2K64,EF10,21:00,BRSTLTM,AVONMTH
C47817,2O74,EF13,09:08,BRSTLTM,WEYMTH
C47818,2O94,EF13,17:48,BRSTLTM,WEYMTH
C47819,2O96,EF13,20:49,BRSTLTM,WEYMTH
C47824,2U08,EF10,09:05,BRSTLTM,CRDFCEN
C47826,2Y15,EF10,09:15,BRSTLTM,WSMARE
C47827,2Y37,EF10,23:12,BRSTLTM,WSMARE
C47828,2M15,EF13,18:10,CCARY,SDON
C47830,2T31,EF10,09:21,CHLTNHM,BRSTLTM
C47869,2P32,EF05,08:20,DIDCOTP,PADTON
C47874,2P37,EF05,09:05,DIDCOTP,PADTON
C47878,2P41,EF05,10:12,DIDCOTP,PADTON
C47882,2P45,EF05,11:12,DIDCOTP,PADTON
C47891,2P53,EF05,13:12,DIDCOTP,PADTON
C47896,2P57,EF05,14:12,DIDCOTP,PADTON
C47901,2P61,EF05,15:12,DIDCOTP,PADTON
C47913,2P77,EF05,18:12,DIDCOTP,PADTON
C47917,2P81,EF05,19:12,DIDCOTP,PADTON
C47920,2P85,EF05,20:12,DIDCOTP,PADTON
C47924,2P93,EF05,22:04,DIDCOTP,PADTON
C47925,2P97,EF05,23:52,DIDCOTP,PADTON
C47970,2M73,EF10,20:26,EXETRSD,BRSTLTM
C47978,2T06,EF11,08:20,EXETRSD,PAIGNTN
C47979,2U16,EF10,11:47,EXETRSD,CRDFCEN
C47980,2U20,EF10,13:46,EXETRSD,CRDFCEN
C47981,2U22,EF10,14:50,EXETRSD,CRDFCEN
C47982,2U24,EF10,15:49,EXETRSD,CRDFCEN
C47983,2U26,EF10,16:50,EXETRSD,CRDFCEN
C47990,2T08,EF11,08:55,EXMOUTH,PAIGNTN
C47997,2T11,EF11,09:55,EXMOUTH,PAIGNTN
C48002,2T13,EF11,10:55,EXMOUTH,PAIGNTN
C48006,2T15,EF11,11:57,EXMOUTH,PAIGNTN
C48009,2T16,EF11,12:26,EXMOUTH,PAIGNTN
C48012,2T17,EF11,12:57,EXMOUTH,PAIGNTN
C48017,2T19,EF11,13:57,EXMOUTH,PAIGNTN
C48020,2T20,EF11,14:24,EXMOUTH,PAIGNTN
C48023,2T21,EF11,14:57,EXMOUTH,PAIGNTN
C48027,2T23,EF11,15:57,EXMOUTH,PAIGNTN
C48029,2T24,EF11,16:24,EXMOUTH,PAIGNTN
C48032,2T25,EF11,16:58,EXMOUTH,PAIGNTN
C48036,2T27,EF11,17:58,EXMOUTH,PAIGNTN
C48041,2T29,EF11,18:59,EXMOUTH,PAIGNTN
C48043,2T30,EF11,19:59,EXMOUTH,PAIGNTN
C48047,2T32,EF11,20:59,EXMOUTH,PAIGNTN
C48051,2T34,EF11,21:30,EXMOUTH,EXETRSD
C48068,2T70,EF12,09:18,FALMTHD,TRURO
C48073,2T72,EF12,10:21,FALMTHD,TRURO
C48078,2T74,EF12,11:21,FALMTHD,TRURO
C48083,2T76,EF12,12:21,FALMTHD,TRURO
C48088,2T78,EF12,13:21,FALMTHD,TRURO
C48097,2T82,EF12,15:26,FALMTHD,TRURO
C48102,2T84,EF12,16:26,FALMTHD,TRURO
C48113,2T90,EF12,19:26,FALMTHD,TRURO
C48120,2T94,EF12,21:28,FALMTHD,TRURO
C48123,2T96,EF12,22:33,FALMTHD,TRURO
C48125,2M11,EF13,14:04,FROME,SDON
C48126,2M13,EF13,16:43,FROME,SDON
C48128,2T62,EF13,11:25,FROME,BRSTLTM
C48138,2T35,EF10,11:40,GLOSTER,BRSTLTM
C48139,2T39,EF10,13:40,GLOSTER,BRSTLTM
C48140,2T43,EF10,15:39,GLOSTER,BRSTLTM
C48141,2T47,EF10,17:41,GLOSTER,BRSTLTM
C48142,2T51,EF10,19:40,GLOSTER,BRSTLTM
C48143,2T55,EF10,21:41,GLOSTER,BRSTLTM
C48149,2H61,EF08,19:00,HNLYOT,TWYFORD
C48152,2H63,EF08,20:00,HNLYOT,TWYFORD
C48155,2H65,EF08,21:00,HNLYOT,TWYFORD
C48158,2H67,EF08,22:00,HNLYOT,RDNGSTN
C48167,2H77,EF08,00:02,HNLYOT,TWYFORD
C48215,2N28,EF05,10:38,PADTON,DIDCOTP
C48221,2N34,EF05,11:38,PADTON,DIDCOTP
C48226,2N38,EF05,12:38,PADTON,DIDCOTP
C48231,2N42,EF05,13:38,PADTON,DIDCOTP
C48235,2N46,EF05,14:38,PADTON,DIDCOTP
C48238,2N50,EF05,15:38,PADTON,DIDCOTP
C48241,2N54,EF05,16:38,PADTON,DIDCOTP
C48254,2N78,EF05,19:38,PADTON,DIDCOTP
C48256,2N82,EF05,20:38,PADTON,DIDCOTP
C48257,2N86,EF05,21:38,PADTON,DIDCOTP
C48258,2N92,EF05,23:31,PADTON,DIDCOTP
C48261,2R11,EF05,06:38,PADTON,RDNGSTN
C48268,2R85,EF05,00:34,PADTON,RDNGSTN
C48316,2K41,EF07,08:52,NEWBURY,RDNGSTN
C48327,2K53,EF07,11:53,NEWBURY,RDNGSTN
C48335,2K63,EF07,13:53,NEWBURY,RDNGSTN
C48338,2K71,EF07,15:53,NEWBURY,RDNGSTN
C48339,2K79,EF07,17:53,NEWBURY,RDNGSTN
C48340,2K89,EF07,19:51,NEWBURY,RDNGSTN
C48341,2K93,EF07,21:56,NEWBURY,RDNGSTN
C48342,2K97,EF07,23:23,NEWBURY,RDNGSTN
C48441,2P15,EF12,12:49,PENZNCE,PLYMTH
C48447,2P26,EF12,18:15,PENZNCE,PLYMTH
C48451,2U14,EF11,09:43,PLYMTH,CRDFCEN
C48470,2J21,EF07,09:37,RDNGSTN,BSNGSTK
C48475,2J25,EF07,10:37,RDNGSTN,BSNGSTK
C48480,2J29,EF07,11:37,RDNGSTN,BSNGSTK
C48485,2J33,EF07,12:37,RDNGSTN,BSNGSTK
C48490,2J37,EF07,13:37,RDNGSTN,BSNGSTK
C48495,2J41,EF07,14:37,RDNGSTN,BSNGSTK
C48500,2J45,EF07,15:37,RDNGSTN,BSNGSTK
C48505,2J49,EF07,16:37,RDNGSTN,BSNGSTK
C48512,2J53,EF07,17:37,RDNGSTN,BSNGSTK
C48515,2J57,EF07,18:37,RDNGSTN,BSNGSTK
C48520,2J61,EF07,19:37,RDNGSTN,BSNGSTK
C48525,2J65,EF07,20:37,RDNGSTN,BSNGSTK
C48530,2J69,EF07,21:37,RDNGSTN,BSNGSTK
C48551,2K32,EF07,08:06,RDNGSTN,NEWBURY
C48561,2K42,EF07,09:43,RDNGSTN,BEDYN
C48566,2K46,EF07,10:43,RDNGSTN,NEWBURY
C48571,2K50,EF07,11:43,RDNGSTN,BEDYN
C48575,2K54,EF07,12:43,RDNGSTN,NEWBURY
C48583,2K60,EF07,13:43,RDNGSTN,BEDYN
C48587,2K64,EF07,14:43,RDNGSTN,NEWBURY
C48589,2K68,EF07,00:18,RDNGSTN,NEWBURY
C48590,2K68,EF07,15:43,RDNGSTN,BEDYN
C48593,2K72,EF07,16:43,RDNGSTN,NEWBURY
C48594,2K76,EF07,09:02,NEWBURY,BEDYN
C48596,2K78,EF07,17:45,RDNGSTN,BEDYN
C48598,2K82,EF07,18:43,RDNGSTN,NEWBURY
C48600,2K86,EF07,19:43,RDNGSTN,BEDYN
C48601,2K88,EF07,20:43,RDNGSTN,NEWBURY
C48603,2K92,EF07,21:43,RDNGSTN,BEDYN
C48604,2K94,EF07,22:43,RDNGSTN,NEWBURY
C48610,2P11,EF05,06:38,RDNGSTN,PADTON
C48612,2P18,EF05,07:42,RDNGSTN,PADTON
C48642,2K53,EF10,18:01,SVRNBCH,BRSTLTM
C48643,2K55,EF10,18:35,SVRNBCH,BRSTLTM
C48645,2K59,EF10,19:35,SVRNBCH,BRSTLTM
C48649,2Y19,EF10,09:35,SVRNBCH,WSMARE
C48650,2Y23,EF10,10:35,SVRNBCH,WSMARE
C48651,2Y27,EF10,11:35,SVRNBCH,WSMARE
C48652,2Y31,EF10,12:35,SVRNBCH,WSMARE
C48653,2Y35,EF10,13:35,SVRNBCH,WSMARE
C48654,2Y39,EF10,14:35,SVRNBCH,WSMARE
C48655,2Y43,EF10,15:35,SVRNBCH,WSMARE
C48656,2Y47,EF10,16:35,SVRNBCH,WSMARE
C48683,2W19,EF08,08:22,SLOUGH,WINDSEC
C48687,2W21,EF08,08:59,SLOUGH,WINDSEC
C48691,2W23,EF08,09:19,SLOUGH,WINDSEC
C48695,2W25,EF08,09:39,SLOUGH,WINDSEC
C48699,2W27,EF08,09:59,SLOUGH,WINDSEC
C48703,2W29,EF08,10:19,SLOUGH,WINDSEC
C48707,2W31,EF08,10:39,SLOUGH,WINDSEC
C48711,2W33,EF08,10:59,SLOUGH,WINDSEC
C48715,2W35,EF08,11:19,SLOUGH,WINDSEC
C48719,2W37,EF08,11:39,SLOUGH,WINDSEC
C48723,2W39,EF08,11:59,SLOUGH,WINDSEC
C48727,2W41,EF08,12:19,SLOUGH,WINDSEC
C48731,2W43,EF08,12:39,SLOUGH,WINDSEC
C48735,2W45,EF08,12:59,SLOUGH,WINDSEC
C48739,2W47,EF08,13:19,SLOUGH,WINDSEC
C48743,2W49,EF08,13:39,SLOUGH,WINDSEC
C48747,2W51,EF08,13:59,SLOUGH,WINDSEC
C48751,2W53,EF08,14:19,SLOUGH,WINDSEC
C48755,2W55,EF08,14:39,SLOUGH,WINDSEC
C48757,2W57,EF08,14:59,SLOUGH,WINDSEC
C48759,2W59,EF08,15:19,SLOUGH,WINDSEC
C48761,2W61,EF08,15:39,SLOUGH,WINDSEC
C48763,2W63,EF08,15:59,SLOUGH,WINDSEC
C48765,2W65,EF08,16:19,SLOUGH,WINDSEC
C48768,2W67,EF08,16:39,SLOUGH,WINDSEC
C48770,2W69,EF08,16:59,SLOUGH,WINDSEC
C48772,2W71,EF08,17:19,SLOUGH,WINDSEC
C48774,2W73,EF08,17:39,SLOUGH,WINDSEC
C48776,2W75,EF08,17:59,SLOUGH,WINDSEC
C48778,2W77,EF08,18:19,SLOUGH,WINDSEC
C48780,2W79,EF08,18:39,SLOUGH,WINDSEC
C48782,2W81,EF08,18:59,SLOUGH,WINDSEC
C48784,2W83,EF08,19:28,SLOUGH,WINDSEC
C48786,2W85,EF08,19:58,SLOUGH,WINDSEC
C48788,2W87,EF08,20:28,SLOUGH,WINDSEC
C48790,2W89,EF08,20:58,SLOUGH,WINDSEC
C48792,2W91,EF08,21:28,SLOUGH,WINDSEC
C48795,2W93,EF08,21:58,SLOUGH,WINDSEC
C48797,2W95,EF08,22:28,SLOUGH,WINDSEC
C48800,2W97,EF08,22:55,SLOUGH,WINDSEC
C48801,2W98,EF08,23:15,SLOUGH,WINDSEC
C48802,2M06,EF13,09:08,SDON,WSTBRYW
C48804,2M12,EF13,15:44,SDON,FROME
C48805,2M16,EF13,19:43,SDON,WSTBRYW
C48806,2M18,EF13,21:34,SDON,WSTBRYW
C48818,2O14,EF13,17:44,SDON,WSTBRYW
C48819,2O91,EF13,13:32,SDON,WEYMTH
C48822,2U18,EF10,13:16,TAUNTON,CRDFCEN
C48824,2H60,EF08,18:45,TWYFORD,HNLYOT
C48827,2H62,EF08,19:45,TWYFORD,HNLYOT
C48830,2H64,EF08,20:45,TWYFORD,HNLYOT
C48833,2H66,EF08,21:45,TWYFORD,HNLYOT
C48843,2M05,EF13,08:06,WRMNSTR,SDON
C48845,2M07,EF13,10:41,WSTBRYW,SDON
C48848,2M17,EF13,20:38,WSTBRYW,SDON
C48861,2O71,EF13,09:00,WSTBRYW,WEYMTH
C48863,2T60,EF13,08:39,WSTBRYW,BRSTLTM
C48866,2K24,EF10,10:10,WSMARE,SVRNBCH
C48868,2K28,EF10,11:10,WSMARE,SVRNBCH
C48871,2K32,EF10,12:10,WSMARE,SVRNBCH
C48874,2K36,EF10,13:10,WSMARE,SVRNBCH
C48877,2K40,EF10,14:09,WSMARE,SVRNBCH
C48880,2K44,EF10,15:09,WSMARE,SVRNBCH
C48882,2K48,EF10,16:08,WSMARE,SVRNBCH
C48885,2K52,EF10,17:09,WSMARE,SVRNBCH
C48888,2K56,EF10,18:10,WSMARE,SVRNBCH
C48891,2M72,EF10,21:05,WSMARE,BRSTLTM
C48892,2M78,EF10,23:49,WSMARE,BRSTLTM
C48893,2M09,EF13,10:38,WEYMTH,SDON
C48902,2V83,EF13,14:05,WEYMTH,BRSTLTM
C48904,2V86,EF13,16:05,WEYMTH,BRSTLTM
C48905,2V93,EF13,17:53,WEYMTH,BRSTLTM
C48906,2V94,EF13,20:15,WEYMTH,BRSTLTM
C48909,2T41,EF10,13:46,WORCSFS,BRSTLTM
C48914,2T45,EF10,15:46,WORCSFS,BRSTLTM
C48920,2T49,EF10,17:52,WORCSFS,BRSTLTM
C48922,2T53,EF10,19:41,WORCSFS,BRSTLTM
C48923,2T33,EF10,09:55,WORCSSH,BRSTLTM
C48924,2T37,EF10,11:54,WORCSSH,BRSTLTM
C48926,2T57,EF10,21:54,WORCSSH,BRSTLTM
C48935,2G15,EF03,21:30,SDON,CHLTNHM
C48936,2G14,EF03,20:24,SDON,CHLTNHM
C48937,2G13,EF03,19:25,SDON,CHLTNHM
C48938,2G11,EF03,17:24,SDON,CHLTNHM
C48939,2G10,EF03,16:25,SDON,CHLTNHM
C48940,2G09,EF03,15:24,SDON,CHLTNHM
C48941,2G04,EF03,12:18,SDON,CHLTNHM
C48942,2G01,EF03,09:21,SDON,CHLTNHM
C48943,2A08,EF12,09:03,STIVES,STERTH
C48944,2G81,EF12,20:01,PLYMTH,GUNISLK
C48945,2C26,EF12,13:40,PLYMTH,PENZNCE
C48946,2P28,EF12,19:15,PENZNCE,PLYMTH
C48947,2A07,EF12,08:37,PENZNCE,STIVES
C48948,2N06,EF12,08:55,PARR,NEWQUAY
C48949,2N26,EF12,19:35,PARR,NEWQUAY
C48950,2N07,EF12,09:52,NEWQUAY,PARR
C48951,2L32,EF12,17:04,LOOE,LISKARD
C48952,2L30,EF12,15:43,LOOE,LISKARD
C48953,2L28,EF12,14:33,LOOE,LISKARD
C48954,2L26,EF12,12:43,LOOE,LISKARD
C48955,2L24,EF12,11:06,LOOE,LISKARD
C48956,2L22,EF12,10:03,LOOE,LISKARD
C48957,2L21,EF12,09:31,LISKARD,LOOE
C48958,2L23,EF12,10:34,LISKARD,LOOE
C48959,2L25,EF12,12:11,LISKARD,LOOE
C48960,2L27,EF12,13:51,LISKARD,LOOE
C48961,2L29,EF12,15:11,LISKARD,LOOE
C48962,2L31,EF12,16:25,LISKARD,LOOE
C48963,2B15,EF03,20:00,CHLTNHM,SDON
C48964,2B09,EF03,14:00,CHLTNHM,SDON
C48965,2B11,EF03,16:01,CHLTNHM,SDON
C48966,2B13,EF03,18:00,CHLTNHM,SDON
C48967,2B14,EF03,19:00,CHLTNHM,SDON
C48968,2B16,EF03,21:00,CHLTNHM,SDON
C48969,2B44,EF03,09:28,CHLTNHM,SDON
C48970,2B90,EF03,22:00,CHLTNHM,SDON
C48972,2B08,EF03,13:00,CHLTNHM,SDON
C48973,2B07,EF03,11:55,CHLTNHM,SDON
C50034,2U10,EF10,10:05,BRSTLTM,CRDFCEN
C50035,2U09,EF10,07:59,EXETRSD,CRDFCEN
C50036,2U12,EF10,09:46,EXETRSD,CRDFCEN
C50037,1L51,EF02,10:22,SWANSEA,PADTON
C50038,1L34,EF02,07:55,SWANSEA,PADTON
C50039,1B88,EF02,19:45,PADTON,SWANSEA
C50040,1B46,EF02,14:45,PADTON,SWANSEA
C50042,1B51,EF02,15:45,PADTON,SWANSEA
C50043,1B59,EF02,16:45,PADTON,SWANSEA
C50045,1B79,EF02,18:45,PADTON,SWANSEA
C50046,1B43,EF02,14:13,PADTON,CRDFCEN
C50047,1B35,EF02,12:45,PADTON,SWANSEA
C50048,1B15,EF02,08:33,PADTON,SWANSEA
C50050,1B09,EF02,08:58,BRSTPWY,SWANSEA
C50058,2E30,EF12,20:25,PENZNCE,EXETRSD
C50059,2E28,EF11,21:33,PLYMTH,EXETRSD
C50060,2E13,EF12,11:49,PENZNCE,EXETRSD
C50062,1C50,EF04,23:50,PADTON,PENZNCE
P32921,2N14,EF05,07:38,PADTON,DIDCOTP
V09391,1F79,EF13,23:31,BRSTLTM,WSTBRYW
V76843,1F90,EF13,22:10,PHBR,SOTON
V76844,1F88,EF13,21:09,PHBR,SOTON
V76845,1F87,EF13,23:13,SOTON,PHBR
V76846,1F86,EF13,20:09,PHBR,SOTON
V76847,1F85,EF13,22:05,SOTON,PHBR
V76848,1F84,EF13,19:09,PHBR,SOTON
V76849,1F83,EF13,21:05,SOTON,PHBR
V76850,1F82,EF13,18:09,PHBR,SOTON
V76851,1F80,EF13,17:09,PHBR,SOTON
V76852,1F79,EF13,20:05,SOTON,PHBR
V76853,1F78,EF13,16:09,PHBR,SOTON
V76854,1F77,EF13,19:05,SOTON,PHBR
V76855,1F76,EF13,15:09,PHBR,SOTON
V76856,1F75,EF13,18:05,SOTON,PHBR
V76857,1F74,EF13,14:09,PHBR,SOTON
V76858,1F73,EF13,17:05,SOTON,PHBR
V76859,1F70,EF13,13:09,PHBR,SOTON
V76860,1F69,EF13,16:05,SOTON,PHBR
V76861,1F68,EF13,12:09,PHBR,SOTON
V76862,1F66,EF13,11:09,PHBR,SOTON
V76863,1F65,EF13,15:05,SOTON,PHBR
V76864,1F64,EF13,10:13,PSEA,SOTON
V76865,1F63,EF13,14:05,SOTON,PHBR
V76866,1F62,EF13,09:09,PHBR,SOTON
V76867,1F61,EF13,13:05,SOTON,PHBR
V76868,1F59,EF13,12:05,SOTON,PHBR
V76869,1F57,EF13,11:05,SOTON,PHBR
V76870,1F55,EF13,10:05,SOTON,PHBR
W34492,1A20,EF01,13:28,WSMARE,PADTON
W34504,1A25,EF01,16:30,BRSTLTM,PADTON
W34546,1A50,EF04,21:15,PENZNCE,PADTON
W34561,1A77,EF04,08:30,EXETRSD,PADTON
W34564,1A78,EF04,08:27,PLYMTH,PADTON
W34659,1B69,EF02,17:45,PADTON,SWANSEA
W34677,1C07,EF01,09:00,PADTON,WSMARE
W34682,1C09,EF01,10:53,SDON,BRSTLTM
W34690,1C12,EF01,11:30,PADTON,BRSTLTM
W34700,1C16,EF01,13:30,PADTON,BRSTLTM
W34725,1C26,EF01,18:30,PADTON,WSMARE
W34728,1C27,EF01,19:00,PADTON,BRSTLTM
W34734,1C30,EF01,20:30,PADTON,WSMARE
W34739,1C32,EF01,21:30,PADTON,BRSTLTM
W34742,1C33,EF01,22:15,PADTON,BRSTLTM
W34757,1C42,EF01,14:53,PADTON,SDON
W34759,1C44,EF01,15:53,PADTON,SDON
W34775,1C50,EF04,23:50,PADTON,PENZNCE
W34779,1C69,EF12,09:30,PLYMTH,PENZNCE
W34793,1C76,EF04,08:36,PADTON,PENZNCE
W34799,1C78,EF04,10:36,PADTON,PAIGNTN
W34811,1C82,EF04,12:36,PADTON,PAIGNTN
W34812,1C83,EF04,13:03,PADTON,PLYMTH
W34816,1C84,EF04,14:03,PADTON,PENZNCE
W34829,1C89,EF04,16:36,PADTON,PLYMTH
W34833,1C90,EF04,17:03,PADTON,PENZNCE
W34839,1C92,EF04,18:36,PADTON,TAUNTON
W34844,1C94,EF04,19:03,PADTON,PLYMTH
W34847,1C96,EF04,20:03,PADTON,PLYMTH
W34849,1C98,EF04,21:03,PADTON,EXETRSD
W34871,1D18,EF05,09:21,PADTON,OXFD
W34876,1D20,EF05,10:20,PADTON,OXFD
W34886,1D24,EF05,12:20,PADTON,OXFD
W34911,1D36,EF05,18:20,PADTON,OXFD
W34920,1D40,EF05,20:20,PADTON,OXFD
W34942,1D67,EF05,16:56,OXFD,PADTON
W34968,1F07,EF13,09:21,BRSTLTM,WRMNSTR
W34973,1F09,EF13,09:18,CRDFCEN,WRMNSTR
W34979,1F11,EF13,10:25,CRDFCEN,WRMNSTR
W34984,1F12,EF13,10:48,WRMNSTR,CRDFCEN
W34990,1F14,EF13,11:50,WRMNSTR,CRDFCEN
W34991,1F15,EF13,12:25,CRDFCEN,WRMNSTR
W35001,1F18,EF13,13:50,WRMNSTR,CRDFCEN
W35012,1F23,EF13,14:25,CRDFCEN,WRMNSTR
W35018,1F25,EF13,15:25,CRDFCEN,WRMNSTR
W35023,1F26,EF13,16:50,WRMNSTR,CRDFCEN
W35024,1F27,EF13,16:25,CRDFCEN,WRMNSTR
W35029,1F28,EF13,17:49,WRMNSTR,CRDFCEN
W35030,1F29,EF13,17:25,CRDFCEN,WRMNSTR
W35043,1F32,EF13,19:50,WRMNSTR,CRDFCEN
W35044,1F33,EF13,18:25,CRDFCEN,WRMNSTR
W35049,1F34,EF13,20:50,WRMNSTR,CRDFCEN
W35050,1F35,EF13,19:25,CRDFCEN,WRMNSTR
W35053,1F36,EF13,21:52,WRMNSTR,CRDFCEN
W35054,1F37,EF13,20:30,CRDFCEN,WRMNSTR
W35055,1F38,EF13,22:51,WRMNSTR,BRSTLTM
W35056,1F39,EF13,22:30,CRDFCEN,BRSTLTM
W35088,1G68,EF03,17:33,PADTON,CHLTNHM
W35211,1L40,EF02,09:55,BRSTPWY,PADTON
W35216,1L52,EF02,12:25,BRSTPWY,PADTON
W35220,1L64,EF02,13:23,SWANSEA,PADTON
W35233,1L76,EF02,16:50,CRDFCEN,PADTON
W35246,1L90,EF02,16:30,CMTHN,PADTON
W35250,1L96,EF02,19:20,CMTHN,PADTON
W35353,1F98,EF13,19:34,BRSTLTM,WSTBRYW
W35373,1D27,EF05,09:03,OXFD,PADTON
W35384,1P38,EF03,08:57,GTMLVRN,PADTON
W35406,1A49,EF01,19:50,SDON,PADTON
W35407,1A86,EF04,13:06,PLYMTH,PADTON
W35408,1A87,EF04,12:18,PENZNCE,PADTON
W35438,1L54,EF02,11:23,SWANSEA,PADTON
W35439,1L60,EF02,11:25,CMTHN,PADTON
W35440,1L65,EF02,15:05,BRSTPWY,PADTON
W35442,1L68,EF02,14:22,SWANSEA,PADTON
W35445,1L82,EF02,16:25,SWANSEA,PADTON
W35446,1L94,EF02,19:24,SWANSEA,PADTON
Y15268,1P50,EF03,11:57,GTMLVRN,PADTON
Y15269,1P54,EF03,13:12,WORCSFS,PADTON
Y15271,1P58,EF03,13:58,GTMLVRN,PADTON
Y15272,1P64,EF03,14:28,HEREFRD,PADTON
Y15279,1P78,EF03,17:31,HEREFRD,PADTON
Y15286,1P86,EF03,19:58,GTMLVRN,PADTON
Y15294,1U22,EF02,10:13,PADTON,BRSTPWY
Y15398,1V98,EF13,20:30,WSTBRYW,BRSTLTM
Y15433,1W35,EF03,08:47,PADTON,GTMLVRN
Y15436,1W37,EF03,10:47,PADTON,GTMLVRN
Y15443,1W47,EF03,14:47,PADTON,GTMLVRN
Y15445,1W51,EF03,16:47,PADTON,GTMLVRN
Y15482,2A10,EF12,09:31,STIVES,STERTH
Y15486,2A11,EF12,09:48,STERTH,STIVES
Y15491,2A12,EF12,10:04,STIVES,STERTH
Y15495,2A13,EF12,10:48,STERTH,STIVES
Y15499,2A14,EF12,11:03,STIVES,STERTH
Y15503,2A15,EF12,11:18,STERTH,STIVES
Y15508,2A16,EF12,11:33,STIVES,STERTH
Y15512,2A17,EF12,11:48,STERTH,STIVES
Y15517,2A18,EF12,12:03,STIVES,STERTH
Y15521,2A19,EF12,12:18,STERTH,STIVES
Y15526,2A20,EF12,12:33,STIVES,STERTH
Y15527,2A20,EF08,08:32,WINDSEC,SLOUGH
Y15531,2A21,EF12,12:48,STERTH,STIVES
Y15536,2A22,EF12,13:03,STIVES,STERTH
Y15537,2A22,EF08,09:09,WINDSEC,SLOUGH
Y15541,2A23,EF12,13:18,STERTH,STIVES
Y15546,2A24,EF12,13:33,STIVES,STERTH
Y15547,2A24,EF08,09:29,WINDSEC,SLOUGH
Y15551,2A25,EF12,13:48,STERTH,STIVES
Y15556,2A26,EF12,14:03,STIVES,STERTH
Y15557,2A26,EF08,09:49,WINDSEC,SLOUGH
Y15561,2A27,EF12,14:18,STERTH,STIVES
Y15566,2A28,EF12,14:33,STIVES,STERTH
Y15567,2A28,EF08,10:09,WINDSEC,SLOUGH
Y15571,2A29,EF12,14:48,STERTH,STIVES
Y15576,2A30,EF12,15:03,STIVES,STERTH
Y15577,2A30,EF08,10:29,WINDSEC,SLOUGH
Y15581,2A31,EF12,15:18,STERTH,STIVES
Y15586,2A32,EF12,15:33,STIVES,STERTH
Y15587,2A32,EF08,10:49,WINDSEC,SLOUGH
Y15591,2A33,EF12,15:48,STERTH,STIVES
Y15596,2A34,EF12,16:03,STIVES,STERTH
Y15597,2A34,EF08,11:09,WINDSEC,SLOUGH
Y15601,2A35,EF12,16:18,STERTH,STIVES
Y15606,2A36,EF12,16:33,STIVES,STERTH
Y15607,2A36,EF08,11:29,WINDSEC,SLOUGH
Y15611,2A37,EF12,16:48,STERTH,STIVES
Y15616,2A38,EF12,17:03,STIVES,STERTH
Y15617,2A38,EF08,11:49,WINDSEC,SLOUGH
Y15621,2A39,EF12,17:18,STERTH,STIVES
Y15626,2A40,EF12,17:33,STIVES,STERTH
Y15627,2A40,EF08,12:09,WINDSEC,SLOUGH
Y15631,2A41,EF12,17:48,STERTH,STIVES
Y15636,2A42,EF12,18:03,STIVES,STERTH
Y15637,2A42,EF08,12:29,WINDSEC,SLOUGH
Y15640,2A43,EF12,18:30,STERTH,STIVES
Y15644,2A44,EF12,19:03,STIVES,STERTH
Y15645,2A44,EF08,12:49,WINDSEC,SLOUGH
Y15653,2A46,EF08,13:09,WINDSEC,SLOUGH
Y15657,2A47,EF12,19:30,STERTH,STIVES
Y15662,2A48,EF08,13:29,WINDSEC,SLOUGH
Y15670,2A50,EF08,13:49,WINDSEC,SLOUGH
Y15678,2A52,EF08,14:09,WINDSEC,SLOUGH
Y15686,2A54,EF08,14:29,WINDSEC,SLOUGH
Y15692,2A56,EF08,14:49,WINDSEC,SLOUGH
Y15697,2A58,EF08,15:09,WINDSEC,SLOUGH
Y15699,2A60,EF08,15:29,WINDSEC,SLOUGH
Y15701,2A62,EF08,15:49,WINDSEC,SLOUGH
Y15704,2A64,EF08,16:09,WINDSEC,SLOUGH
Y15707,2A66,EF08,16:29,WINDSEC,SLOUGH
Y15709,2A68,EF08,16:49,WINDSEC,SLOUGH
Y15711,2A70,EF08,17:09,WINDSEC,SLOUGH
Y15713,2A72,EF08,17:29,WINDSEC,SLOUGH
Y15715,2A74,EF08,17:49,WINDSEC,SLOUGH
Y15717,2A76,EF08,18:09,WINDSEC,SLOUGH
Y15719,2A78,EF08,18:29,WINDSEC,SLOUGH
Y15721,2A80,EF08,18:49,WINDSEC,SLOUGH
Y15723,2A82,EF08,19:09,WINDSEC,SLOUGH
Y15725,2A84,EF08,19:39,WINDSEC,SLOUGH
Y15728,2A86,EF08,20:09,WINDSEC,SLOUGH
Y15732,2A88,EF08,20:39,WINDSEC,SLOUGH
Y15734,2A90,EF08,21:09,WINDSEC,SLOUGH
Y15737,2A92,EF08,21:39,WINDSEC,SLOUGH
Y15740,2A94,EF08,22:09,WINDSEC,SLOUGH
Y15742,2A96,EF08,22:38,WINDSEC,SLOUGH
Y15744,2A98,EF08,00:03,WINDSEC,SLOUGH
Y15745,2A98,EF08,23:05,WINDSEC,SLOUGH
Y15746,2A99,EF08,23:25,WINDSEC,SLOUGH
Y41391,2B24,EF08,08:29,MDNHEAD,MARLOW
Y41394,2B25,EF08,08:55,MARLOW,MDNHEAD
Y41396,2B26,EF08,10:03,MDNHEAD,MARLOW
Y41398,2B27,EF08,10:29,MARLOW,MDNHEAD
Y41401,2B28,EF08,11:03,MDNHEAD,MARLOW
Y41404,2B29,EF08,11:29,MARLOW,MDNHEAD
Y41406,2B30,EF08,12:03,MDNHEAD,MARLOW
Y41408,2B31,EF08,12:29,MARLOW,MDNHEAD
Y41411,2B32,EF08,13:03,MDNHEAD,MARLOW
Y41414,2B33,EF08,13:29,MARLOW,MDNHEAD
Y41416,2B34,EF08,14:03,MDNHEAD,MARLOW
Y41418,2B35,EF08,14:29,MARLOW,MDNHEAD
Y41421,2B36,EF08,15:03,MDNHEAD,MARLOW
Y41424,2B37,EF08,15:29,MARLOW,MDNHEAD
Y41426,2B38,EF03,09:05,GLOSTER,SDON
Y41427,2B38,EF08,16:03,MDNHEAD,MARLOW
Y41429,2B39,EF08,16:29,MARLOW,MDNHEAD
Y41432,2B40,EF08,17:03,MDNHEAD,MARLOW
Y41435,2B41,EF08,17:29,MARLOW,MDNHEAD
Y41437,2B42,EF08,18:03,MDNHEAD,MARLOW
Y41439,2B43,EF08,18:29,MARLOW,MDNHEAD
Y41446,2B46,EF08,19:03,MDNHEAD,MARLOW
Y41448,2B47,EF08,19:29,MARLOW,MDNHEAD
Y41456,2B54,EF08,20:03,MDNHEAD,MARLOW
Y41458,2B55,EF08,20:29,MARLOW,MDNHEAD
Y41464,2B60,EF08,21:03,MDNHEAD,MARLOW
Y41466,2B61,EF08,21:29,MARLOW,MDNHEAD
Y41469,2B62,EF08,22:03,MDNHEAD,MARLOW
Y41471,2B63,EF08,22:29,MARLOW,MDNHEAD
Y41497,2B73,EF11,09:12,EXETERC,BRNSTPL
Y41506,2B75,EF08,00:07,MARLOW,MDNHEAD
Y41507,2B75,EF11,11:14,EXETERC,BRNSTPL
Y41511,2B76,EF11,12:14,EXETERC,BRNSTPL
Y41515,2B77,EF11,13:14,EXETERC,BRNSTPL
Y41519,2B78,EF11,14:14,EXETERC,BRNSTPL
Y41523,2B79,EF11,15:14,EXETERC,BRNSTPL
Y41527,2B80,EF11,16:11,EXETERC,BRNSTPL
Y41531,2B81,EF11,17:14,EXETERC,BRNSTPL
Y41535,2B82,EF11,18:14,EXETERC,BRNSTPL
Y41539,2B83,EF11,19:14,EXETERC,BRNSTPL
Y41574,2C06,EF12,08:45,PLYMTH,PENZNCE
Y41594,2C20,EF12,10:32,PLYMTH,PENZNCE
Y41605,2C28,EF11,13:20,EXETRSD,PENZNCE
Y41625,2C38,EF11,18:27,EXETRSD,PENZNCE
Y41626,2C38,EF10,21:30,CRDFCEN,BRSTLTM
Y41627,2C39,EF13,22:35,BRSTLTM,WSTBRYW
Y41630,2C42,EF10,23:11,CRDFCEN,BRSTLTM
Y41640,2C51,EF10,17:35,SVRNBCH,EXETRSD
Y41662,2C71,EF10,10:00,CRDFCEN,TAUNTON
Y41665,2C73,EF10,10:57,CRDFCEN,EXETRSD
Y41668,2C75,EF10,12:00,CRDFCEN,EXETRSD
Y41671,2C77,EF10,13:00,CRDFCEN,EXETRSD
Y41674,2C79,EF10,14:00,CRDFCEN,EXETRSD
Y41677,2C81,EF10,15:00,CRDFCEN,EXETRSD
Y41680,2C83,EF10,16:00,CRDFCEN,TAUNTON
Y41683,2C85,EF10,17:00,CRDFCEN,TAUNTON
Y41686,2C87,EF10,18:00,CRDFCEN,TAUNTON
Y41689,2C89,EF10,19:00,CRDFCEN,TAUNTON
Y41692,2C91,EF10,20:00,CRDFCEN,TAUNTON
Y41704,2C98,EF13,16:48,BRSTLTM,CCARY
Y41718,2E09,EF11,10:21,EXMOUTH,EXETRSD
Y41728,2E17,EF12,13:49,PENZNCE,EXETRSD
Y41729,2E18,EF11,13:24,EXMOUTH,EXETRSD
Y41734,2E22,EF11,15:24,EXMOUTH,EXETRSD
Y41736,2E26,EF11,17:24,EXMOUTH,EXETRSD
Y41737,2E27,EF11,18:25,EXMOUTH,EXETRSD
Y41746,2E36,EF10,10:38,BRSTLTM,GLOSTER
Y41747,2E36,EF11,22:30,EXMOUTH,EXETRSD
Y41752,2E38,EF10,11:39,BRSTLTM,WORCSFS
Y41756,2E40,EF10,12:39,BRSTLTM,GLOSTER
Y41761,2E42,EF10,13:39,BRSTLTM,WORCSFS
Y41762,2E42,EF11,23:35,EXMOUTH,EXETRSD
Y41763,2E43,EF11,20:36,BRNSTPL,EXETRSD
Y41767,2E46,EF10,15:38,BRSTLTM,WORCSFS
Y41770,2E48,EF10,16:39,BRSTLTM,GLOSTER
Y41773,2E50,EF10,17:39,BRSTLTM,WORCSFS
Y41778,2E52,EF10,18:38,BRSTLTM,GLOSTER
Y41782,2E54,EF10,19:38,BRSTLTM,WORCSSH
Y41785,2E56,EF10,20:39,BRSTLTM,GLOSTER
Y41789,2E58,EF10,21:39,BRSTLTM,GLOSTER
Y41793,2E60,EF10,22:42,BRSTLTM,GLOSTER
Y41846,2F01,EF11,08:17,EXETRSD,EXMOUTH
Y41851,2F03,EF11,09:15,EXETRSD,EXMOUTH
Y41854,2F04,EF11,09:50,EXETRSD,EXMOUTH
Y41857,2F05,EF11,09:15,PAIGNTN,EXMOUTH
Y41863,2F07,EF11,11:15,EXETRSD,EXMOUTH
Y41866,2F08,EF11,10:57,PAIGNTN,EXMOUTH
Y41869,2F09,EF11,12:16,EXETRSD,EXMOUTH
Y41872,2F10,EF11,11:55,PAIGNTN,EXMOUTH
Y41874,2C65,EF10,07:54,BRSTLTM,PLYMTH
Y80235,2F11,EF13,11:10,WSTBRYW,FROME
Y80236,2F11,EF11,13:13,EXETRSD,EXMOUTH
Y80240,2F12,EF11,12:55,PAIGNTN,EXMOUTH
Y80243,2F13,EF11,14:15,EXETRSD,EXMOUTH
Y80247,2F14,EF11,13:55,PAIGNTN,EXMOUTH
Y80250,2F15,EF11,14:16,PAIGNTN,EXMOUTH
Y80253,2F16,EF11,14:40,PAIGNTN,EXMOUTH
Y80256,2F17,EF11,16:16,EXETRSD,EXMOUTH
Y80259,2F18,EF11,15:55,PAIGNTN,EXMOUTH
Y80262,2F19,EF11,16:16,PAIGNTN,EXMOUTH
Y80265,2F20,EF11,16:40,PAIGNTN,EXMOUTH
Y80268,2F21,EF11,18:16,EXETRSD,EXMOUTH
Y80271,2F22,EF11,17:55,PAIGNTN,EXMOUTH
Y80276,2F24,EF11,18:55,PAIGNTN,EXMOUTH
Y80281,2F26,EF11,19:45,PAIGNTN,EXMOUTH
Y80286,2F28,EF11,20:55,PAIGNTN,EXMOUTH
Y80289,2F29,EF11,22:01,PAIGNTN,EXMOUTH
Y80328,2F74,EF12,10:55,TRURO,FALMTHD
Y80348,2F82,EF12,15:00,TRURO,FALMTHD
Y80379,2F95,EF12,22:04,TRURO,FALMTHD
Y80525,2G71,EF12,09:03,PLYMTH,GUNISLK
Y80527,2G72,EF12,10:11,GUNISLK,PLYMTH
Y80529,2G73,EF12,11:10,PLYMTH,GUNISLK
Y80532,2G74,EF12,12:10,GUNISLK,PLYMTH
Y80535,2G75,EF12,13:20,PLYMTH,GUNISLK
Y80538,2G76,EF12,14:11,GUNISLK,PLYMTH
Y80541,2G77,EF12,15:20,PLYMTH,GUNISLK
Y80544,2G78,EF12,16:11,GUNISLK,PLYMTH
Y80548,2G79,EF12,17:44,PLYMTH,GUNISLK
Y80551,2G80,EF12,18:35,GUNISLK,PLYMTH
Y80570,2G90,EF03,23:13,SDON,CHLTNHM
Y80595,2H18,EF08,08:10,TWYFORD,HNLYOT
Y80598,2H19,EF08,08:30,HNLYOT,TWYFORD
Y80601,2H20,EF08,08:45,TWYFORD,HNLYOT
Y80604,2H21,EF08,09:00,HNLYOT,TWYFORD
Y80607,2H22,EF08,09:15,TWYFORD,HNLYOT
Y80610,2H23,EF08,09:30,HNLYOT,TWYFORD
Y80613,2H24,EF08,09:45,TWYFORD,HNLYOT
Y80616,2H25,EF08,10:00,HNLYOT,TWYFORD
Y80619,2H26,EF08,10:15,TWYFORD,HNLYOT
Y80622,2H27,EF08,10:30,HNLYOT,TWYFORD
Y80625,2H28,EF08,10:45,TWYFORD,HNLYOT
Y80628,2H29,EF08,11:00,HNLYOT,TWYFORD
Y80631,2H30,EF08,11:15,TWYFORD,HNLYOT
Y80634,2H31,EF08,11:30,HNLYOT,TWYFORD
Y80637,2H32,EF08,11:45,TWYFORD,HNLYOT
Y80640,2H33,EF08,12:00,HNLYOT,TWYFORD
Y80643,2H34,EF08,12:15,TWYFORD,HNLYOT
Y80646,2H35,EF08,12:30,HNLYOT,TWYFORD
Y80649,2H36,EF08,12:45,TWYFORD,HNLYOT
Y80652,2H37,EF08,13:00,HNLYOT,TWYFORD
Y80655,2H38,EF08,13:15,TWYFORD,HNLYOT
Y80658,2H39,EF08,13:30,HNLYOT,TWYFORD
Y80661,2H40,EF08,13:45,TWYFORD,HNLYOT
Y80664,2H41,EF08,14:00,HNLYOT,TWYFORD
Y80667,2H42,EF08,14:15,TWYFORD,HNLYOT
Y80670,2H43,EF08,14:30,HNLYOT,TWYFORD
Y80673,2H44,EF08,14:45,TWYFORD,HNLYOT
Y80676,2H45,EF08,15:00,HNLYOT,TWYFORD
Y80679,2H46,EF08,15:15,TWYFORD,HNLYOT
Y80682,2H47,EF08,15:30,HNLYOT,TWYFORD
Y80685,2H48,EF08,15:45,TWYFORD,HNLYOT
Y80688,2H49,EF08,16:00,HNLYOT,TWYFORD
Y80691,2H50,EF08,16:15,TWYFORD,HNLYOT
Y80695,2H51,EF08,16:30,HNLYOT,TWYFORD
Y80698,2H52,EF08,16:45,TWYFORD,HNLYOT
Y80702,2H53,EF08,17:00,HNLYOT,TWYFORD
Y80705,2H54,EF08,17:15,TWYFORD,HNLYOT
Y80708,2H55,EF08,17:30,HNLYOT,TWYFORD
Y80713,2H56,EF08,17:45,TWYFORD,HNLYOT
Y80718,2H57,EF08,18:00,HNLYOT,TWYFORD
Y80723,2H58,EF08,18:15,TWYFORD,HNLYOT
Y80728,2H59,EF08,18:30,HNLYOT,TWYFORD
